Index	Specific disease/drug category	RSID	Test code	Version	Risk allele	Allele frequency (HapMap)	OR(TT)	OR(CT)	OR(CC)	Homozygous modal genotype (Major allele)	Heterozygous	Homozygous variant genotype (Minor allele)	Risk	RR(TT) - risk+risk	RR(CT) Risk + Nrisk	RR(CC) Nrisk+ Nrisk
1	Alcohol dependence	rs1076560	COR	1	A	0.215	-	-	-	CC	CA	AA		0	0	0
1	Alcohol dependence	rs1799971	COR	1	G	0.19	-	-	-	AA	AG	GG		0	0	0
1	Alcohol dependence	rs1800497	COR	1	A	0.296	-	-	-	GG	GA	AA		0	0	0
1	Alcohol dependence	rs27072	COR	1	T	0.192	-	-	-	CC	CT	TT		0	0	0
1	Alcohol dependence	rs671	COR	1	A	0.057	-	-	-	AA	AG	GG		0	0	0
2	Ankylosing spondylitis	rs10865331	COR	1	A	0.42	1.6129	1.27	1	GG	AG	AA	1.23965956	1.30108	1.02447	0.8067
2	Ankylosing spondylitis	rs17095830	COR	1	G	0.117	1.6641	1.29	1	AA	AG	GG	1.069011245	1.55667	1.20672	0.9354
2	Ankylosing spondylitis	rs30187	COR	1	T	0.41	1.5129	1.23	1	CC	CT	TT	1.19749249	1.26339	1.02715	0.8351
2	Ankylosing spondylitis	rs4552569	COR	1	C	0.267	1.4641	1.21	1	TT	CT	CC	1.115283845	1.31276	1.08493	0.8966
3	Asthma	rs12603332	COR	1	C	0.517	3.0276	1.74	1	TT	CT	CC	1.911527456	1.58386	0.91027	0.5231
3	Asthma	rs404860	COR	1	T	0.728	1.4641	1.21	1	CC	CT	TT	1.329132294	1.10155	0.91037	0.7524
3	Asthma	rs7216389	COR	1	T	0.635	2.1025	1.1	1	TT	CT	CC	1.490910563	1.41021	0.7378	0.6707
4	Atrial fibrillation	rs13376333	COR	1	T	0.2202	9.1204	3.02	1	CC	CT	TT	2.087458598	4.36914	1.44674	0.4791
4	Atrial fibrillation	rs2200733	COR	1	T	0.2706	3.2761	1.81	1	CC	CT	TT	1.486414503	2.20403	1.2177	0.6728
4	Atrial fibrillation	rs7193343	COR	1	T	0.3118	1.4641	1.21	1	CC	CT	TT	1.135243368	1.28968	1.06585	0.8809
5	Back Pain (Lumbar disk disease)	rs1676486	COR	1	A	0.185	2.0164	1.42	1	GG	AG	AA	1.16143729	1.73612	1.22262	0.861
5	Back Pain (Lumbar disk disease)	rs2073711	COR	1	G	0.514	2.5921	1.1	1	AA	AG	GG	1.470587252	1.76263	0.748	0.68
6	Breast Cancer	rs10822013	COR	1	T	0.4199	1.2544	1.12	1	CC	CT	TT	1.103314951	1.13694	1.01512	0.9064
6	Breast Cancer	rs1219648	COR	1	G	0.4016	1.56	1.24	1	AA	GA	GG	1.205670605	1.29389	1.02847	0.8294
6	Breast Cancer	rs13387042	COR	1	A	0.4487	1.5625	1.25	1	GG	AG	AA	1.236933231	1.2632	1.01056	0.8085
6	Breast Cancer	rs2046210	COR	1	A	0.3832	1.59	1.36	1	GG	AG	AA	1.256814509	1.2651	1.0821	0.7957
6	Breast Cancer	rs2981582	COR	1	A	0.4057	1.4884	1.22	1	GG	AG	AA	1.186474277	1.25447	1.02826	0.8428
6	Breast Cancer	rs3803662	COR	1	A	0.457	1.69	1.3	1	GG	AG	AA	1.29299641	1.30704	1.00542	0.7734
6	Breast Cancer	rs4784227	COR	1	T	0.2175	1.5625	1.25	1	CC	CT	TT	1.111706641	1.4055	1.1244	0.8995
6	Breast Cancer	rs7107217	COR	1	C	0.4876	1.1664	1.08	1	AA	AC	CC	1.079537624	1.08046	1.00043	0.9263
6	Breast Cancer	rs889312	COR	1	C	0.3892	1.21	1.1	1	AA	AC	CC	1.079354766	1.12104	1.01913	0.9265
7	Cervical cancer	rs11134527	COR	1	A	0.6717	0.72	0.8485	1	GG	AG	AA	0.80685206	0.89236	1.05162	1.2394
7	Cervical cancer	rs231775	COR	1	A	0.5481	1.66	1.28841	1	AA	AG	GG	1.341143446	1.23775	0.96068	0.7456
7	Cervical cancer	rs2566	COR	1	A	0.3045	2.4649	2.4649	1	GG	AG	AA	1.756298206	1.40346	1.40346	0.5694
7	Cervical cancer	rs3212227	COR	1	G	0.3379	1.3	1.14018	1	TT	GT	GG	1.096976069	1.18508	1.03938	0.9116
7	Cervical cancer	rs568408	COR	1	A	0.1277	1.43	1.1958	1	GG	AG	AA	1.05063352	1.36108	1.13817	0.9518
7	Cervical cancer	rs750749	COR	1	T	0.2541	0.7	0.8	1	TT	CT	CC	0.904816681	0.77364	0.88416	1.1052
8	Chronic obstructive pulmonary disease (COPD)	rs17576	COR	1	G	0.4501	3.8	1.8	1	AA	AG	GG	1.963268012	1.93555	0.91684	0.5094
8	Chronic obstructive pulmonary disease (COPD)	rs1800469	COR	1	G	0.641	1.0404	1.02	1	GG	AG	AA	1.025804352	1.01423	0.99434	0.9748
8	Chronic obstructive pulmonary disease (COPD)	rs2241712	COR	1	T	0.6506	1.4161	1.19	1	TT	CT	CC	1.262508421	1.12166	0.94257	0.7921
8	Chronic obstructive pulmonary disease (COPD)	rs3736309	COR	1	A	0.1557	0.1936	0.44	1	AA	AG	GG	0.833218445	0.23235	0.52807	1.2002
8	Chronic obstructive pulmonary disease (COPD)	rs7671167	COR	1	T	0.5151	1.7424	1.32	1	TT	CT	CC	1.356833588	1.28417	0.97285	0.737
8	Chronic obstructive pulmonary disease (COPD)	rs8034191	COR	1	C	0.2092	1.97122	1.404	1	TT	CT	CC	1.176176865	1.67596	1.1937	0.8502
8	Chronic obstructive pulmonary disease (COPD)	rs8192287	COR	1	T	0.0563	6.25	2.5	1	GG	GT	TT	1.176031803	5.31448	2.12579	0.8503
9	Colorectal cancer	rs10795668	COR	1	G	0.7308	2.4336	1.12	1	GG	AG	AA	1.812856329	1.34241	0.61781	0.5516
9	Colorectal cancer	rs16892766	COR	1	A	0.9281	1.43	1.27	1	AA	AC	CC	1.406423343	1.01676	0.903	0.711
9	Colorectal cancer	rs1800734	COR	1	A	0.3146	1.68	1.16	1	GG	AG	AA	1.136302338	1.47848	1.02086	0.88
9	Colorectal cancer	rs3802842	COR	1	C	0.3132	2.4336	1.56	1	AA	AC	CC	1.381546354	1.7615	1.12917	0.7238
9	Colorectal cancer	rs4444235	COR	1	C	0.4345	1.23	1.13	1	TT	CT	CC	1.107306293	1.1108	1.02049	0.9031
9	Colorectal Cancer	rs4779584	COR	1	T	0.4583	1.7	1.23	1	TT	CT	CC	1.261227334	1.34789	0.97524	0.7929
9	Colorectal cancer	rs4939827	COR	1	T	0.618	0.73	0.86	1	CC	CT	TT	0.83077924	0.878693117	1.035172713	1.203689201
9	Colorectal cancer	rs6691170	COR	1	T	0.2605	1.1236	1.06	1	GG	GT	TT	1.031504297	1.08928	1.02763	0.9695
9	Colorectal cancer	rs6983267	COR	1	G	0.5636	1.68	1.39	1	TT	GT	GG	1.407843504	1.19331	0.98733	0.7103
9	Colorectal cancer	rs7758229	COR	1	T	0.2253	1.5625	1.28	1	GG	GT	TT	1.1262949	1.38729	1.13647	0.8879
9	Colorectal cancer	rs961253	COR	1	A	0.2885	2.56	1.6	1	CC	AC	AA	1.37616361	1.86024	1.16265	0.7267
10	Coronary heart disease	rs17465637	COR	1	C	0.5481	1.2769	1.13	1	CC	AC	AA	1.14758299	1.11269	0.98468	0.8714
10	Coronary heart disease	rs3798220	COR	1	C	0.0568	2.2801	1.51	1	TT	CT	CC	1.058775145	2.15353	1.42618	0.9445
11	Deep Vein Thrombosis and Pulmonary Embolism 	rs1799963	COR	1	A	0.0046	2.99982	1.732	1	GG	AG	AA	1.006745738	2.97972	1.72039	0.9933
11	Deep Vein Thrombosis and Pulmonary Embolism 	rs268	COR	1	G	0.0082	9.5481	3.09	1	AA	AG	GG	1.034569711	9.22905	2.98675	0.9666
11	Deep Vein Thrombosis and Pulmonary Embolism 	rs5361	COR	1	G	0.0549	7.4529	2.73	1	TT	GT	GG	1.198974631	6.21606	2.27695	0.834
11	Deep Vein Thrombosis and Pulmonary Embolism 	rs6025	COR	1	T	0.006	12.7449	3.57	1	CC	CT	TT	1.031077776	12.36076	3.4624	0.9699
11	Deep Vein Thrombosis and Pulmonary Embolism 	rs7025486	COR	1	A	0.2605	1.44	1.2	1	GG	AG	AA	1.10691441	1.30091	1.08409	0.9034
12	Heart attack	rs2291834	COR	1	C	0.543	1.145	1.07	1	CC	CT	TT	1.077494245	1.06265	0.99304	0.9281
12	Heart attack	rs599839	COR	1	A	0.6877	1.6641	1.29	1	AA	AG	GG	1.438639521	1.15672	0.89668	0.6951
12	Heart attack	rs6922269	COR	1	A	0.2908	1.65	1.17	1	GG	AG	AA	1.125087038	1.46655	1.03992	0.8888
13	Hepatocellular carcinoma	rs1573266	COR	1	G	0.516	1.9321	1.39	1	AA	AG	GG	1.442977538	1.33897	0.96329	0.693
13	Hepatocellular carcinoma	rs2275959	COR	1	A	0.4135	1.7161	1.31	1	GG	AG	AA	1.272801394	1.34829	1.02923	0.7857
13	Hepatocellular carcinoma	rs231775	COR	1	A	0.5481	1.43	1.19583	1	AA	AG	GG	1.226186704	1.16622	0.97524	0.8155
13	Hepatocellular carcinoma	rs2596542	COR	1	T	0.4107	1.9321	1.39	1	CC	CT	TT	1.34600139	1.43544	1.03269	0.7429
13	Hepatocellular carcinoma	rs430397	COR	1	T	0.1195	2.1904	1.48	1	CC	CT	TT	1.11801017	1.9592	1.32378	0.8944
13	Hepatocellular carcinoma	rs4444903	COR	1	G	0.5824	1.6641	1.29	1	AA	AG	GG	1.366317859	1.21794	0.94414	0.7319
13	Hepatocellular carcinoma	rs7821974	COR	1	T	0.6937	1.7689	1.33	1	TT	CT	CC	1.510246824	1.17127	0.88065	0.6621
14	Hypertension	rs12413409	COR	1	G	0.1383	0.7396	0.86	1	GG	AG	AA	0.961650887	0.76909	0.8943	1.0399
14	Hypertension	rs13333226	COR	1	A	0.1964	0.7569	0.87	1	AA	AG	GG	0.949587883	0.79708	0.91619	1.0531
14	Hypertension	rs1378942	COR	1	C	0.6703	1.5625	1.25	1	CC	AC	AA	1.363231381	1.14617	0.91694	0.7336
14	Hypertension	rs17367504	COR	1	A	0.1099	0.7921	0.89	1	AA	AG	GG	0.975968144	0.8116	0.91192	1.0246
14	Hypertension	rs3754777	COR	1	T	0.1941	1.51536	1.231	1	CC	CT	TT	1.091684528	1.38809	1.12762	0.916
14	Hypertension	rs5370	COR	1	T	0.2056	3.8025	1.95	1	GG	GT	TT	1.428789902	2.66134	1.36479	0.6999
15	Lung Cancer	rs1051730	COR	1	A	0.1937	1.7161	1.31	1	GG	AG	AA	1.123699642	1.52719	1.16579	0.8899
15	Lung Cancer	rs2736100	COR	1	C	0.4483	1.2544	1.12	1	CC	CT	TT	1.11048601	1.1296	1.00857	0.9005
15	Lung Cancer	rs3117582	COR	1	G	0.0385	1.4884	1.22	1	TT	GT	GG	1.017011741	1.4635	1.19959	0.9833
15	Lung Cancer	rs31489	COR	1	C	0.6502	1.2544	1.12	1	CC	AC	AA	1.162135745	1.07939	0.96374	0.8605
15	Lung Cancer	rs401681	COR	1	C	0.5572	1.5625	1.25	1	CC	CT	TT	1.29800449	1.20377	0.96302	0.7704
15	Lung Cancer	rs402710	COR	1	C	0.6392	1.3924	1.18	1	CC	CT	TT	1.243349883	1.11988	0.94905	0.8043
15	Lung Cancer	rs4488809	COR	1	C	0.4473	1.5876	1.26	1	TT	CT	CC	1.246121225	1.27403	1.01114	0.8025
15	Lung Cancer	rs748404	COR	1	T	0.8475	1.3225	1.15	1	TT	CT	CC	1.270410766	1.041	0.90522	0.7871
15	Lung Cancer	rs8034191	COR	1	C	0.2092	1.69	1.3	1	TT	CT	CC	1.129458818	1.49629	1.15099	0.8854
16	Macular degeneration	rs1061147	COR	1	A	0.296	4.2025	2.05	1	CC	AC	AA	1.71819664	2.44588	1.19311	0.582
16	Macular degeneration	rs2230199	COR	1	G	0.902	1.88	1.44	1	CC	CG	GG	1.79376	1.04808	0.80278	0.5575
16	Macular degeneration	rs3750847	COR	1	T	0.273	2.6569	1.63	1	CC	CT	TT	1.37356056	1.93432	1.1867	0.728
16	Macular degeneration	rs547154	COR	1	G	0.901	5.1984	2.28	1	TT	GT	GG	4.636614758	1.12116	0.49174	0.2157
16	Macular degeneration	rs9621532	COR	1	A	0.977	1.9881	1.41	1	CC	AC	AA	1.961596325	1.01351	0.7188	0.5098
17	Obesity	rs10871777	COR	1	G	0.2285	1.0404	1.02	1	AA	AG	GG	1.009160885	1.03096	1.01074	0.9909
17	Obesity	rs1121980	COR	1	A	0.3681	1.7956	1.34	1	GG	AG	AA	1.265971524	1.41836	1.05848	0.7899
17	Obesity	rs1421085	COR	1	C	0.2473	2.0449	1.43	1	TT	CT	CC	1.223985983	1.67069	1.16831	0.817
17	Obesity	rs8050136	COR	1	A	0.3384	2.1025	1.45	1	CC	AC	AA	1.327749198	1.58351	1.09207	0.7532
18	Emotional and Social Behaviour	rs53576	COR	1	A	0.412	-	-	-	GG	AG	AA		0	0	0
19	Osteoarthritis	rs11842874	COR	1	A	0.855	1.3689	1.17	1	GG	AG	AA	1.311826623	1.04351	0.89189	0.7623
19	Osteoarthritis	rs143383	COR	1	A	0.734	1.3	1.1	1	GG	AG	AA	1.2006756	1.08272	0.91615	0.8329
19	Osteoarthritis	rs7639618	COR	1	T	0.264	2.1025	1.45	1	TT	CT	CC	1.25171344	1.6797	1.15841	0.7989
19	Osteoarthritis	rs9864422	COR	1	T	0.247	2.1025	1.45	1	TT	CT	CC	1.234654323	1.70291	1.17442	0.8099
20	Ovarian Cancer	rs10088218	COR	1	G	0.0842	0.5776	0.76	1	GG	AG	AA	0.959992363	0.60167	0.79167	1.0417
20	Ovarian Cancer	rs1042838	COR	1	A	0.0948	10.4329	3.23	1	CC	AC	AA	1.467499651	7.1093	2.20102	0.6814
20	Ovarian Cancer	rs2072590	COR	1	A	0.2386	1.44	1.2	1	CC	AC	AA	1.097717198	1.31181	1.09318	0.911
20	Ovarian Cancer	rs2295190	COR	1	T	0.0925	1.1881	1.09	1	GG	GT	TT	1.016719306	1.16856	1.07208	0.9836
20	Ovarian Cancer	rs2665390	COR	1	C	0.0604	1.5376	1.24	1	TT	CT	CC	1.029202134	1.49397	1.20482	0.9716
20	Ovarian Cancer	rs2854344	COR	1	G	0.978	1.05	1.0247	1	GG	AG	AA	1.04888709	1.00106	0.97694	0.9534
20	Ovarian Cancer	rs3814113	COR	1	T	0.3951	0.6724	0.82	1	TT	CT	CC	0.86282177	0.7793	0.95037	1.159
20	Ovarian Cancer	rs9303542	COR	1	G	0.3109	1.1236	1.06	1	AA	AG	GG	1.037655972	1.08283	1.02153	0.9637
21	Peripheral arterial disease	rs1051730	COR	1	A	0.1937	1.4161	1.19	1	GG	AG	AA	1.074960461	1.31735	1.10702	0.9303
21	Peripheral arterial disease	rs7025486	COR	1	A	0.2605	1.2996	1.14	1	GG	AG	AA	1.074270061	1.20975	1.06119	0.9309
22	Prostate cancer 	rs10993994	COR	1	T	0.473	1.3924	1.18	1	CC	CT	TT	1.17752882	1.18248	1.0021	0.8492
22	Prostate cancer 	rs12621278	COR	1	A	0.9107	1.7689	1.33	1	AA	AG	GG	1.691380882	1.04583	0.78634	0.5912
22	Prostate cancer 	rs1447295	COR	1	A	0.1818	2.0164	1.42	1	CC	AC	AA	1.158542239	1.74046	1.22568	0.8632
22	Prostate cancer 	rs1512268	COR	1	T	0.4611	1.3924	1.18	1	CC	CT	TT	1.172884668	1.18716	1.00607	0.8526
22	Prostate cancer 	rs1571801	COR	1	T	0.1667	1.8496	1.36	1	GG	GT	TT	1.12362544	1.6461	1.21037	0.89
22	Prostate cancer 	rs16901979	COR	1	A	0.1799	3.24	1.8	1	CC	AC	AA	1.308552966	2.47602	1.37557	0.7642
22	Prostate cancer 	rs1859962	COR	1	G	0.3979	1.6129	1	1	TT	GT	GG	1.097037031	1.47023	0.91155	0.9115
22	Prostate cancer 	rs4054823	COR	1	T	0.5581	1.2769	1	1	TT	CT	CC	1.086247596	1.17551	0.9206	0.9206
22	Prostate cancer 	rs4430796	COR	1	A	0.5348	1.3924	1	1	AA	AG	GG	1.112230732	1.2519	0.89909	0.8991
22	Prostate cancer 	rs6983267	COR	1	G	0.5636	1.5625	1.25	1	GG	GT	TT	1.30165281	1.2004	0.96032	0.7683
23	Stomach cancer	rs1801133	COR	1	A	0.3242	1.52	1.17	1	GG	AG	AA	1.129147015	1.34615	1.03618	0.8856
23	Stomach cancer	rs2274223	COR	1	G	0.2766	1.7956	1.34	1	AA	AG	GG	1.196932274	1.50017	1.11953	0.8355
23	Stomach cancer	rs2294008	COR	1	T	0.4322	2.6244	1.62	1	CC	CT	TT	1.607732705	1.63236	1.00763	0.622
23	Stomach cancer	rs2976392	COR	1	A	0.4313	2.6244	1.62	1	GG	AG	AA	1.606317969	1.6338	1.00852	0.6225
24	Stroke	rs12425791	COR	1	A	0.2019	1.96	1.4	1	GG	AG	AA	1.168042178	1.67802	1.19859	0.8561
24	Stroke	rs3783799	COR	1	T	0.0627	1.6129	1.27	1	CC	CT	TT	1.034144591	1.55965	1.22807	0.967
25	Sudden cardiac arrest	rs12143842	COR	1	T	0.242	8.2944	2.88	1	CC	CT	TT	2.116908602	3.91817	1.36047	0.4724
25	Sudden cardiac arrest	rs174230	COR	1	T	0.128	1.9044	1.38	1	CC	CT	TT	1.09964585	1.73183	1.25495	0.9094
25	Sudden cardiac arrest	rs2824292	COR	1	G	0.545	3.1684	1.78	1	AA	AG	GG	2.03091001	1.56009	0.87645	0.4924
25	Sudden cardiac arrest	rs4665058	COR	1	A	0.111	3.6864	1.92	1	CC	AC	AA	1.214668494	3.0349	1.58068	0.8233
25	Sudden cardiac arrest	rs4687718	COR	1	A	0.205	1.6129	1.27	1	GG	AG	AA	1.113763623	1.44815	1.14028	0.8979
26	Type 2 Diabetes	rs1111875	COR	1	C	0.5586	2.4	1.31	1	CC	CT	TT	1.589718489	1.5097	0.82405	0.629
26	Type 2 Diabetes	rs13266634	COR	1	C	0.7179	1.4884	1.22	1	CC	CT	TT	1.340820412	1.11007	0.90989	0.7458
26	Type 2 Diabetes	rs4402960	COR	1	T	0.342	1.5129	1.23	1	GG	GT	TT	1.163507396	1.30029	1.05715	0.8595
26	Type 2 Diabetes	rs5219	COR	1	T	0.2738	1.5625	1.25	1	CC	CT	TT	1.141585403	1.36871	1.09497	0.876
26	Type 2 Diabetes	rs7756992	COR	1	G	0.4052	1.6129	1.27	1	AA	AG	GG	1.230777235	1.31047	1.03187	0.8125
26	Type 2 Diabetes	rs7903146	COR	1	T	0.2189	2.3716	1.54	1	CC	CT	TT	1.250384658	1.8967	1.23162	0.7998
26	Type 2 Diabetes	rs8050136	COR	1	A	0.3384	1.3225	1.15	1	CC	AC	AA	1.104096578	1.19781	1.04158	0.9057
